{"train_loss": 2.86135196685791, "_timestamp": 1691447837.380303, "_runtime": 476.72905683517456, "_step": 3, "_wandb": {"runtime": 493}}