{"train_loss": 1.836049199104309, "_timestamp": 1691355791.1932213, "_runtime": 1847.6446874141693, "_step": 24, "_wandb": {"runtime": 2007}}