{"train_loss": 1.1954485177993774, "_timestamp": 1691576376.1494339, "_runtime": 46573.27681875229, "_step": 273, "val_loss": 0.9953818321228027, "accuracy": 0.6890249848365784, "_wandb": {"runtime": 46712}}