{"train_loss": "MeanMetric()", "_timestamp": 1691352950.2387831, "_runtime": 156.95922017097473, "_step": 1, "_wandb": {"runtime": 215}}