{"train_loss": 1.7422841787338257, "_timestamp": 1691498415.9193075, "_runtime": 50530.89736247063, "_step": 376, "val_loss": 1.5697681903839111, "accuracy": 0.4940750002861023, "_wandb": {"runtime": 50614}}