{"train_loss": 0.9768132567405701, "_timestamp": 1691377022.2365396, "_runtime": 19333.12057852745, "_step": 249, "val_loss": 0.8637369275093079, "accuracy": 0.7443249821662903, "_wandb": {"runtime": 19406}}