{"train_loss": 2.636037588119507, "_timestamp": 1691353690.872654, "_runtime": 326.9677460193634, "_step": 20, "val_loss": 2.633636236190796, "accuracy": 0.1294499933719635, "_wandb": {"runtime": 370}}